graph,n,m,trials,min_cut,successes,success_rate,theoretical_bound,karger_time_ms,exact_time_ms
cycle,4,4,5000,2,5000,1,0.166667,9.40488,0.000833
complete,4,6,5000,3,4015,0.803,0.166667,19.6573,0.001041
cycle,6,6,5000,2,5000,1,0.0666667,28.6479,0.005959
complete,6,15,5000,5,3562,0.7124,0.0666667,37.5244,0.008458
two_cluster,6,8,5000,2,2706,0.5412,0.0666667,24.0658,0.004333
cycle,8,8,5000,2,5000,1,0.0357143,33.1874,0.015375
complete,8,28,5000,7,3652,0.7304,0.0357143,70.4727,0.047292
two_cluster,8,14,5000,2,1057,0.2114,0.0357143,48.1351,0.023125
cycle,10,10,5000,2,5000,1,0.0222222,49.2667,0.069041
complete,10,45,5000,9,3770,0.754,0.0222222,124.493,0.256875
two_cluster,10,22,5000,2,1355,0.271,0.0222222,79.7401,0.121167
cycle,12,12,5000,2,5000,1,0.0151515,64.0911,0.300416
complete,12,66,5000,11,3906,0.7812,0.0151515,190.674,1.41608
two_cluster,12,32,5000,2,1602,0.3204,0.0151515,116.034,0.743583
